{"cameraMode":{"drawMode":0,"name":"Shaded","section":"Shading Mode"},"sceneLighting":true,"audioPlay":false,"sceneViewState":{"m_AlwaysRefresh":false,"showFog":true,"showSkybox":true,"showFlares":true,"showImageEffects":true,"showParticleSystems":true,"showVisualEffectGraphs":true,"m_FxEnabled":true},"in2DMode":false,"pivot":{"x":1042.124267578125,"y":542.3756713867188,"z":8.861541748046875},"rotation":{"x":0.0018094449769705535,"y":-0.00600455142557621,"z":0.000010950562682410236,"w":0.9999818801879883},"size":754.599365234375,"orthographic":true}