{"cameraMode":{"drawMode":0,"name":"Shaded","section":"Shading Mode"},"sceneLighting":true,"audioPlay":false,"sceneViewState":{"m_AlwaysRefresh":false,"showFog":true,"showSkybox":true,"showFlares":true,"showImageEffects":true,"showParticleSystems":true,"showVisualEffectGraphs":true,"m_FxEnabled":true},"in2DMode":false,"pivot":{"x":968.3413696289063,"y":647.255126953125,"z":7.1070685386657719},"rotation":{"x":0.0018094449769705535,"y":-0.00600455142557621,"z":0.000010950562682410236,"w":0.9999818801879883},"size":789.1345825195313,"orthographic":true}